{"cameraMode":{"drawMode":0,"name":"Shaded","section":"Shading Mode"},"sceneLighting":true,"audioPlay":false,"sceneViewState":{"showFog":true,"showMaterialUpdate":false,"showSkybox":true,"showFlares":true,"showImageEffects":true,"showParticleSystems":true},"in2DMode":false,"pivot":{"x":2.3541574478149416,"y":-5.4790167808532719,"z":2.1644084453582765},"rotation":{"x":0.001872954424470663,"y":0.9547811150550842,"z":-0.297242671251297,"w":0.00601609842851758},"size":51.843994140625,"orthographic":false}